{"is_source_file": true, "format": "bash", "description": "A comprehensive Bash script for detecting and backing up various types of databases (SQLite, PostgreSQL, MySQL, MongoDB). It checks which database is running and performs the respective backup operation.", "external_files": ["/usr/lib/postgresql/", "/var/run/mysqld/mysqld.sock"], "external_methods": ["ls", "cp", "sudo -u postgres pg_isready", "ls /usr/lib/postgresql/", "mongosh", "mysqladmin", "mysql", "mysqldump", "sudo mysql", "mongodump"], "published": [], "classes": [], "methods": [], "calls": ["ls", "cp", "sudo -u postgres pg_isready", "mongosh --port ${DB_PORT} --eval \"db.adminCommand('ping')\"", "mysqladmin ping -h localhost -P ${DB_PORT} --silent", "mysqladmin ping --socket=/var/run/mysqld/mysqld.sock --silent", "mysql -h localhost -P ${DB_PORT} -u ${DB_USER} -p${DB_PASSWORD}", "mysqldump -h localhost -P ${DB_PORT} -u ${DB_USER} -p${DB_PASSWORD}", "mysql -h localhost -P ${DB_PORT} -u root -p${DB_PASSWORD}", "mysqldump -h localhost -P ${DB_PORT} -u root -p${DB_PASSWORD}", "sudo mysql --socket=/var/run/mysqld/mysqld.sock -u root -p${DB_PASSWORD}", "sudo mysqldump --socket=/var/run/mysqld/mysqld.sock -u root -p${DB_PASSWORD}", "sudo mysql --socket=/var/run/mysqld/mysqld.sock -u root", "sudo mysqldump --socket=/var/run/mysqld/mysqld.sock -u root", "mongosh --port ${DB_PORT} --eval \"db.adminCommand('ping')\"", "mongodump --port ${DB_PORT} --db ${DB_NAME} --archive=database_backup.archive --quiet"], "search-terms": ["backup_db.sh", "database backup script", "SQLite", "PostgreSQL", "MySQL", "MongoDB", "database detection", "database backup"], "state": 2, "file_id": 6, "knowledge_revision": 14, "git_revision": "16f022ab648515ae013dda5aa5d4dcd23c0d2fca", "hash": "7af9aa35fa4940f934d83f6e2621b732", "format-version": 4, "code-base-name": "database", "filename": "database/backup_db.sh", "revision_history": [{"14": "16f022ab648515ae013dda5aa5d4dcd23c0d2fca"}]}