{"is_source_file": true, "format": "bash", "description": "This script automates the setup and initialization of a PostgreSQL database server, including checks for existing processes, database creation, user setup, permission grants, and environment variable exports.", "external_files": ["/usr/lib/postgresql/", "/var/lib/postgresql/data", "db_connection.txt", "db_visualizer/postgres.env"], "external_methods": ["ls", "sudo", "pg_isready", "pgrep", "psql", "initdb", "createdb", "cat"], "published": ["db_connection.txt", "db_visualizer/postgres.env"], "classes": [], "methods": [], "calls": ["/usr/lib/postgresql/$(ls /usr/lib/postgresql/ | head -1)/bin/pg_isready", "/usr/lib/postgresql/$(ls /usr/lib/postgresql/ | head -1)/bin/psql", "/usr/lib/postgresql/$(ls /usr/lib/postgresql/ | head -1)/bin/initdb", "/usr/lib/postgresql/$(ls /usr/lib/postgresql/ | head -1)/bin/createdb", "/usr/lib/postgresql/$(ls /usr/lib/postgresql/ | head -1)/bin/postgres", "/usr/lib/postgresql/$(ls /usr/lib/postgresql/ | head -1)/bin/psql"], "search-terms": ["startup.sh", "PostgreSQL setup script", "database initialization", "postgresql user creation", "database permissions"], "state": 2, "file_id": 2, "knowledge_revision": 13, "git_revision": "16f022ab648515ae013dda5aa5d4dcd23c0d2fca", "hash": "fa2aa67ea0a7c72f7c0958282f15a864", "format-version": 4, "code-base-name": "database", "filename": "database/startup.sh", "revision_history": [{"13": "16f022ab648515ae013dda5aa5d4dcd23c0d2fca"}]}