{"is_source_file": true, "format": "HTML", "description": "This file is the main HTML entry point for a web-based database viewer application. It contains the structure and styling for the user interface, along with embedded JavaScript code managing database and table selection, data fetching, rendering tables, and user interactions.", "external_files": [], "external_methods": [], "published": [], "classes": [], "methods": [], "calls": ["fetch", "setActiveState", "showLoading", "showError", "showEmptyState", "loadDatabases", "toggleDatabase", "loadTables", "loadTableData", "renderTable", "renderCell", "expandCell"], "search-terms": ["HTML", "Database Viewer", "embedded JavaScript", "Data table rendering", "UI styling", "fetchData", "interactive table", "database sidebar", "dynamic content", "expand cell"], "state": 2, "file_id": 3, "knowledge_revision": 11, "git_revision": "16f022ab648515ae013dda5aa5d4dcd23c0d2fca", "hash": "ee63333a4841bf025439c755a74c9881", "format-version": 4, "code-base-name": "database", "filename": "database/db_visualizer/public/index.html", "revision_history": [{"11": "16f022ab648515ae013dda5aa5d4dcd23c0d2fca"}]}