{"is_source_file": true, "format": "bash", "description": "Shell script for restoring various types of databases (SQLite, PostgreSQL, MySQL, MongoDB) from backup files, with automatic detection of backup type and database availability.", "external_files": ["/usr/lib/postgresql/", "/var/run/mysqld/mysqld.sock"], "external_methods": ["pg_isready", "psql", "mysqladmin", "mysql", "mongosh", "mongorestore", "sudo", "ls"], "published": [], "classes": [], "methods": [], "calls": ["ls /usr/lib/postgresql/", "sudo -u postgres pg_isready", "psql", "mysqladmin ping", "mysql", "mongosh", "mongorestore", "sudo mysql", "mysqladmin ping", "mysql --socket", "mongosh --eval", "echo", "exit"], "search-terms": ["database restore", "backup detection", "multidatabase restore", "bash restore script", "SQLite", "PostgreSQL", "MySQL", "MongoDB", "database backup detection"], "state": 2, "file_id": 1, "knowledge_revision": 12, "git_revision": "16f022ab648515ae013dda5aa5d4dcd23c0d2fca", "hash": "67505395c0df4c9c001ab8f47571f3fb", "format-version": 4, "code-base-name": "database", "filename": "database/restore_db.sh", "revision_history": [{"12": "16f022ab648515ae013dda5aa5d4dcd23c0d2fca"}]}